Fecha;Analito;Nivel;Valor;Media_Objetivo;SD_Objetivo;Lote
01/06/2025;Glucosa;N;100.4;100.0;2.0;LOT-2025-A
02/06/2025;Glucosa;N;101.1;100.0;2.0;LOT-2025-A
03/06/2025;Glucosa;N;99.3;100.0;2.0;LOT-2025-A
01/06/2025;Glucosa;PA;298.0;300.0;6.0;LOT-2025-A
02/06/2025;Glucosa;PA;305.2;300.0;6.0;LOT-2025-A
03/06/2025;Glucosa;PA;301.7;300.0;6.0;LOT-2025-A
01/06/2025;Potasio (K+);N;4.02;4.00;0.10;LOT-2025-A
02/06/2025;Potasio (K+);N;4.11;4.00;0.10;LOT-2025-A
03/06/2025;Potasio (K+);N;3.95;4.00;0.10;LOT-2025-A
